{"cameraMode":{"drawMode":0,"name":"Shaded","section":"Shading Mode"},"sceneLighting":true,"audioPlay":false,"sceneViewState":{"m_AlwaysRefresh":false,"showFog":true,"showSkybox":true,"showFlares":true,"showImageEffects":true,"showParticleSystems":true,"showVisualEffectGraphs":true,"m_FxEnabled":true},"in2DMode":false,"pivot":{"x":1.6294125318527222,"y":3.798893451690674,"z":-7.526732444763184},"rotation":{"x":0.5466805696487427,"y":0.009735862724483014,"z":-0.006364346481859684,"w":0.8373271226882935},"size":4.938200950622559,"orthographic":false}